40,2355,1398/09/10
2034,4643,1398/09/26
1070,11372,1398/09/11
1038,1382,1398/09/11
1442,40627,1398/09/11
1769,518,1398/09/11
1774,1156,1398/09/24
1660,5271,1398/09/11
1444,3642,1398/09/11
1962,2165,1398/09/11
1973,166,1398/09/11
2233,302,1398/09/11
2008,2930,1398/09/11
1018,0,1398/09/11
1708,10415,1398/09/11
1689,15814,1398/09/11
1642,1150,1398/09/11
1075,32145,1398/09/11
1618,3115,1398/09/11
1408,78,1398/09/11
1015,7649,1398/09/11
1081,242,1398/09/11
1620,1565,1398/09/11
1446,451,1398/09/11
1234,5894,1398/09/11
1433,6932,1398/09/21
1641,4305,1398/09/11
1359,2327,1398/09/11
1691,5600,1398/09/11
1597,1093,1398/09/11
1644,3128,1398/09/11
1655,4952,1398/09/11
1407,4331,1398/09/11
897,17998,1398/09/11
1986,12834,1398/09/11
1068,2813,1398/09/11
1021,4441,1398/09/11
1449,7770,1398/09/11
1080,2907,1398/09/11
1078,3796,1398/09/11
1180,3259,1398/09/11
1113,10547,1398/09/11
1020,1924,1398/09/11
1207,6627,1398/09/11
1649,2747,1398/09/11
1112,1986,1398/09/11
1028,2812,1398/09/11
1187,2236,1398/09/11
1669,2084,1398/09/11
1313,8754,1398/09/11
1238,2817,1398/09/11
1235,1145,1398/09/11
1033,3734,1398/09/11
985,850,1398/09/11
1064,2860,1398/09/11
1397,5791,1398/09/11
1611,1806,1398/09/11
1703,12962,1398/09/11
1606,2557,1398/09/11
1439,618,1398/09/11
986,13944,1398/09/11
1224,27,1398/09/11
1524,3884,1398/09/11
1137,4541,1398/09/11
1066,5592,1398/09/11
1154,15,1398/09/11
1100,2967,1398/09/11
1194,7850,1398/09/11
945,3461,1398/09/11
1077,97,1398/09/11
2347,2500,1398/09/12
1617,1445,1398/09/14
526,2372,1398/09/14
810,4948,1398/09/13
471,1420,1398/09/13
325,6369,1398/09/13
1709,2351,1398/09/13
391,3080,1398/09/13
389,4055,1398/09/13
612,1466,1398/09/13
1002,158,1398/09/13
370,2433,1398/09/13
272,2827,1398/09/13
562,19794,1398/09/13
368,673,1398/09/13
732,0,1398/09/13
494,804,1398/09/13
558,3730,1398/09/13
291,290,1398/09/13
320,820,1398/09/13
736,5232,1398/09/13
141,3737,1398/09/13
617,531,1398/09/13
1019,6947,1398/09/13
556,0,1398/09/13
780,19994,1398/09/14
1143,20404,1398/09/14
78,6648,1398/09/14
275,2829,1398/09/14
1594,12155,1398/09/14
1039,2586,1398/09/14
369,2423,1398/09/14
1029,6579,1398/09/14
982,3110,1398/09/14
950,3820,1398/09/14
1214,2881,1398/09/14
70,1597,1398/09/14
461,3083,1398/09/14
1391,7648,1398/09/14
755,3132,1398/09/14
1151,3705,1398/09/14
134,4649,1398/09/14
1782,9113,1398/09/14
942,9970,1398/09/14
460,1795,1398/09/14
398,3050,1398/09/14
560,780,1398/09/14
1099,2499,1398/09/26
457,12026,1398/09/14
451,7538,1398/09/14
768,9187,1398/09/14
450,10889,1398/09/14
603,146,1398/09/14
262,3801,1398/09/26
597,4829,1398/09/26
786,581,1398/09/14
45,1357,1398/09/25
637,4001,1398/09/14
1338,5397,1398/09/14
766,13796,1398/09/14
828,12783,1398/09/14
1030,2450,1398/09/14
770,5128,1398/09/14
98,8140,1398/09/14
265,5722,1398/09/14
680,601,1398/09/14
1740,7817,1398/09/14
1662,4433,1398/09/14
1471,12007,1398/09/14
1673,14134,1398/09/14
832,2777,1398/09/14
801,3165,1398/09/14
829,1867,1398/09/14
2269,5710,1398/09/14
775,381,1398/09/14
799,2245,1398/09/14
1229,21250,1398/09/14
1182,10228,1398/09/14
1208,862,1398/09/14
1404,96,1398/09/14
793,658,1398/09/14
1366,18859,1398/09/14
1067,7127,1398/09/14
789,3448,1398/09/14
1632,1200,1398/09/14
349,8877,1398/09/14
1633,2550,1398/09/14
773,765,1398/09/14
833,2551,1398/09/26
1577,4811,1398/09/14
2273,3105,1398/09/14
1405,6776,1398/09/14
857,3341,1398/09/14
859,2530,1398/09/14
1253,8337,1398/09/14
8,582,1398/09/14
1299,12969,1398/09/14
573,1458,1398/09/14
764,9335,1398/09/14
1624,31634,1398/09/14
979,559,1398/09/14
1520,394,1398/09/14
1420,2871,1398/09/14
866,1041,1398/09/26
1275,14881,1398/09/14
865,8261,1398/09/14
1467,4104,1398/09/14
408,1842,1398/09/14
1168,14080,1398/09/14
525,19622,1398/09/14
163,3138,1398/09/14
861,2812,1398/09/14
1076,3379,1398/09/14
387,5669,1398/09/14
1074,13068,1398/09/14
845,3556,1398/09/14
1255,2541,1398/09/14
1531,14069,1398/09/14
1387,5551,1398/09/14
1625,218,1398/09/14
1302,8218,1398/09/27
1057,248,1398/09/14
5240,354,1398/09/14
1879,99760,1398/09/14
1215,22369,1398/09/14
1289,7562,1398/09/14
1414,2841,1398/09/14
869,627,1398/09/24
1749,764,1398/09/14
1665,3234,1398/09/14
575,4097,1398/09/14
785,9307,1398/09/14
547,3599,1398/09/14
421,980,1398/09/14
962,32797,1398/09/14
1543,1102,1398/09/14
411,3000,1398/09/14
499,741,1398/09/14
381,0,1398/09/14
559,872,1398/09/14
1211,3312,1398/09/14
604,3699,1398/09/14
480,789,1398/09/14
863,8200,1398/09/14
551,6425,1398/09/14
625,1339,1398/09/14
993,1185,1398/09/17
333,18624,1398/09/17
1354,3983,1398/09/17
523,8177,1398/09/17
1902,0,1398/09/17
247,1275,1398/09/17
388,4709,1398/09/17
185,4215,1398/09/17
183,301,1398/09/17
872,1455,1398/09/17
184,354,1398/09/17
419,8712,1398/09/17
1718,6990,1398/09/17
888,3673,1398/09/17
375,858,1398/09/17
1715,9602,1398/09/17
646,3092,1398/09/17
159,2008,1398/09/17
413,3600,1398/09/17
927,63,1398/09/17
158,1947,1398/09/17
1726,3962,1398/09/17
177,5953,1398/09/17
154,8871,1398/09/17
266,5098,1398/09/17
386,159,1398/09/17
161,291,1398/09/17
536,225,1398/09/17
538,486,1398/09/24
1686,4141,1398/09/24
890,1078,1398/09/24
1204,9489,1398/09/25
1233,18252,1398/09/25
477,3185,1398/09/26
409,5167,1398/09/25
1352,11640,1398/09/25
1576,16030,1398/09/19
905,3581,1398/09/19
901,12944,1398/09/19
939,3139,1398/09/19
1060,5849,1398/09/19
1193,1228,1398/09/19
1581,86,1398/09/19
1109,4251,1398/09/19
1221,721,1398/09/19
1197,2069,1398/09/19
1115,7172,1398/09/19
1476,342,1398/09/19
1231,7642,1398/09/19
1645,5853,1398/09/19
1341,5945,1398/09/19
1264,5076,1398/09/19
1254,92,1398/09/19
1349,12985,1398/09/19
1200,954,1398/09/19
894,0,1398/09/19
1555,3352,1398/09/19
917,1156,1398/09/19
1243,0,1398/09/19
443,8880,1398/09/19
1093,3872,1398/09/19
1209,1303,1398/09/19
1212,3033,1398/09/19
1213,3052,1398/09/19
1196,4091,1398/09/19
1216,1532,1398/09/19
1178,5789,1398/09/26
1248,1561,1398/09/19
1629,5401,1398/09/19
1267,2821,1398/09/19
1684,845,1398/09/19
1545,1793,1398/09/19
1188,9335,1398/09/19
1201,1970,1398/09/19
1202,11562,1398/09/19
1203,4955,1398/09/19
1719,3153,1398/09/19
1176,2645,1398/09/19
1549,1529,1398/09/19
1495,7195,1398/09/19
957,16,1398/09/19
1678,2996,1398/09/19
1242,1147,1398/09/19
1361,25931,1398/09/19
1717,2148,1398/09/19
1179,2437,1398/09/19
1172,1711,1398/09/19
870,19946,1398/09/19
1277,3451,1398/09/19
1425,311,1398/09/19
1347,2641,1398/09/19
1369,6731,1398/09/19
1367,2761,1398/09/19
900,10311,1398/09/19
1741,11168,1398/09/19
1290,3672,1398/09/19
205,3784,1398/09/19
1225,4772,1398/09/19
1186,2830,1398/09/19
1276,482,1398/09/19
1339,1497,1398/09/19
1343,759,1398/09/19
1389,3699,1398/09/19
1540,4773,1398/09/19
944,18471,1398/09/19
1272,2460,1398/09/19
1335,579,1398/09/19
1857,4912,1398/09/21
1110,7162,1398/09/21
1107,3264,1398/09/21
694,7542,1398/09/20
1852,2644,1398/09/20
650,6382,1398/09/20
655,359,1398/09/20
848,3412,1398/09/20
935,3037,1398/09/20
1250,330,1398/09/20
654,11542,1398/09/20
1292,2149,1398/09/20
1434,3139,1398/09/20
1356,4516,1398/09/20
1849,10903,1398/09/20
1049,2815,1398/09/20
794,3525,1398/09/20
2102,1202,1398/09/20
946,2474,1398/09/20
115,3908,1398/09/20
688,1851,1398/09/25
792,1010,1398/09/20
1244,14819,1398/09/20
728,517,1398/09/20
1528,1378,1398/09/20
1667,6895,1398/09/20
645,6891,1398/09/20
947,4408,1398/09/20
703,3102,1398/09/20
1252,2350,1398/09/20
995,6361,1398/09/20
953,7251,1398/09/21
816,624,1398/09/21
856,608,1398/09/21
1533,3278,1398/09/21
834,210,1398/09/21
836,3190,1398/09/21
846,2828,1398/09/21
902,5942,1398/09/21
994,3184,1398/09/21
852,4201,1398/09/21
1470,2262,1398/09/21
998,4276,1398/09/21
1675,1576,1398/09/21
1090,228,1398/09/21
821,1620,1398/09/21
926,2047,1398/09/21
814,2517,1398/09/21
826,405,1398/09/21
864,1118,1398/09/21
1721,521,1398/09/21
868,2370,1398/09/21
841,6648,1398/09/21
827,5122,1398/09/24
989,33361,1398/09/21
1484,5568,1398/09/21
1132,1150,1398/09/21
1317,2878,1398/09/21
1946,11754,1398/09/21
1671,10841,1398/09/21
1108,724,1398/09/24
1382,8522,1398/09/21
1348,877,1398/09/24
1092,2195,1398/09/21
1664,2479,1398/09/21
2305,2730,1398/09/21
1722,5045,1398/09/21
1386,5807,1398/09/21
964,5730,1398/09/21
1294,2123,1398/09/21
1091,3615,1398/09/21
921,4179,1398/09/21
1897,7260,1398/09/21
1712,4093,1398/09/21
282,6420,1398/09/21
963,597,1398/09/21
1621,11101,1398/09/21
1481,6089,1398/09/21
2109,1330,1398/09/21
1419,2814,1398/09/21
1431,6035,1398/09/21
1435,3371,1398/09/21
1511,3301,1398/09/21
1711,2433,1398/09/21
1413,120,1398/09/21
1502,730,1398/09/21
1538,5850,1398/09/21
1630,16542,1398/09/21
1697,4111,1398/09/21
1461,994,1398/09/21
1401,1740,1398/09/21
1459,6565,1398/09/21
1474,19399,1398/09/21
1519,359,1398/09/21
1551,837,1398/09/21
1687,200,1398/09/21
1486,9971,1398/09/21
1558,2561,1398/09/21
1498,8707,1398/09/21
1638,1331,1398/09/25
1417,1195,1398/09/21
1422,1402,1398/09/21
1631,517,1398/09/21
1657,6013,1398/09/21
1490,1010,1398/09/21
1497,4774,1398/09/21
1406,1604,1398/09/21
1487,4862,1398/09/21
648,5214,1398/09/21
997,6326,1398/09/21
1701,74,1398/09/21
1198,1977,1398/09/21
943,67,1398/09/21
929,1262,1398/09/21
1622,1509,1398/09/21
960,117,1398/09/21
928,8133,1398/09/21
951,1122,1398/09/21
949,215,1398/09/21
952,6153,1398/09/21
976,867,1398/09/21
970,3861,1398/09/21
919,548,1398/09/21
784,1264,1398/09/21
975,1299,1398/09/21
940,1700,1398/09/21
990,33,1398/09/21
937,257,1398/09/21
1670,3048,1398/09/21
820,1114,1398/09/21
1084,641,1398/09/21
685,7578,1398/09/21
1096,2099,1398/09/21
1128,4235,1398/09/21
1008,10474,1398/09/21
1046,2223,1398/09/21
1087,4321,1398/09/21
664,2093,1398/09/21
806,2642,1398/09/21
1666,2281,1398/09/21
1363,7952,1398/09/21
1460,2214,1398/09/21
1097,9107,1398/09/21
1445,1185,1398/09/21
1534,2032,1398/09/21
778,896,1398/09/21
1392,1970,1398/09/21
545,2128,1398/09/21
1006,6399,1398/09/21
682,1420,1398/09/21
691,688,1398/09/21
1500,687,1398/09/21
679,789,1398/09/21
1736,4308,1398/09/21
256,4880,1398/09/21
791,1581,1398/09/21
1923,2054,1398/09/21
672,975,1398/09/21
1713,1253,1398/09/21
754,3959,1398/09/21
385,675,1398/09/21
999,6571,1398/09/21
1360,5402,1398/09/24
1326,2368,1398/09/21
168,0,1398/09/21
1683,1416,1398/09/21
1270,8541,1398/09/21
643,1495,1398/09/21
652,1427,1398/09/21
638,2645,1398/09/21
642,913,1398/09/21
640,2383,1398/09/21
641,4480,1398/09/21
1699,1248,1398/09/21
623,4282,1398/09/21
1527,1739,1398/09/21
743,3084,1398/09/21
661,3336,1398/09/21
1119,4697,1398/09/21
1856,3384,1398/09/21
670,4915,1398/09/21
1612,205,1398/09/21
1604,2137,1398/09/21
718,5166,1398/09/24
608,410,1398/09/24
172,5651,1398/09/24
453,2,1398/09/24
546,12521,1398/09/24
474,2037,1398/09/24
475,3928,1398/09/24
258,8996,1398/09/24
697,2411,1398/09/24
180,1896,1398/09/24
362,0,1398/09/24
361,7598,1398/09/24
965,85,1398/09/24
552,930,1398/09/24
578,10971,1398/09/24
649,3107,1398/09/24
306,3890,1398/09/24
574,2231,1398/09/24
478,6769,1398/09/24
374,1837,1398/09/24
522,1451,1398/09/24
323,17256,1398/09/24
1482,338,1398/09/24
1295,612,1398/09/24
1562,4145,1398/09/24
1792,10031,1398/09/24
1103,8064,1398/09/24
380,1926,1398/09/24
549,7460,1398/09/24
695,6147,1398/09/24
877,812,1398/09/24
658,1998,1398/09/24
602,28016,1398/09/24
819,63838,1398/09/24
2071,2335,1398/09/24
1827,7876,1398/09/24
1878,7860,1398/09/24
2262,7831,1398/09/24
2660,658,1398/09/24
1780,4688,1398/09/24
1812,707,1398/09/24
2662,800,1398/09/24
1802,6304,1398/09/24
2450,1252,1398/09/24
1831,1345,1398/09/24
2314,796,1398/09/24
1798,946,1398/09/24
1797,1310,1398/09/24
1799,379,1398/09/24
2457,1455,1398/09/24
1786,1027,1398/09/24
1789,421,1398/09/24
2392,2290,1398/09/24
1818,8552,1398/09/24
1833,426,1398/09/24
2400,757,1398/09/24
1840,4085,1398/09/24
2405,1494,1398/09/24
2475,3445,1398/09/24
1867,757,1398/09/24
1870,113,1398/09/24
1829,5416,1398/09/24
1836,567,1398/09/24
1803,1043,1398/09/24
1828,1351,1398/09/24
1873,818,1398/09/24
1784,2268,1398/09/24
1770,3956,1398/09/24
1825,1005,1398/09/24
1781,649,1398/09/24
1834,737,1398/09/24
1838,844,1398/09/24
2330,314,1398/09/24
1790,11291,1398/09/24
1041,1732,1398/09/24
2095,604,1398/09/24
1813,2042,1398/09/24
1814,0,1398/09/24
1847,2515,1398/09/24
1844,489,1398/09/24
1843,1569,1398/09/24
1846,1113,1398/09/24
2145,0,1398/09/24
2680,197,1398/09/24
2610,1631,1398/09/24
2587,5002,1398/09/24
13,4214,1398/09/24
507,2134,1398/09/24
340,6997,1398/09/24
59,2752,1398/09/24
1735,834,1398/09/24
797,5531,1398/09/24
1821,4245,1398/09/24
496,6790,1398/09/24
1955,448,1398/09/24
1728,3202,1398/09/24
1485,538,1398/09/24
338,7844,1398/09/24
322,12597,1398/09/24
511,12503,1398/09/24
52,409,1398/09/24
1423,10305,1398/09/24
85,9245,1398/09/24
332,7131,1398/09/24
363,9973,1398/09/26
1375,5305,1398/09/26
1105,1150,1398/09/24
1089,1930,1398/09/24
302,2160,1398/09/24
1241,1775,1398/09/24
337,3745,1398/09/24
1129,9334,1398/09/24
1175,18112,1398/09/24
1598,6110,1398/09/24
1135,10351,1398/09/24
1342,3450,1398/09/24
1605,1688,1398/09/24
1159,1999,1398/09/24
1759,1098,1398/09/24
1184,3,1398/09/24
1166,4769,1398/09/24
1183,382,1398/09/24
1181,2911,1398/09/24
1162,162,1398/09/24
1259,2386,1398/09/24
720,489,1398/09/24
1608,1002,1398/09/24
2274,3612,1398/09/24
1869,4375,1398/09/24
1134,5834,1398/09/24
1278,2958,1398/09/24
635,8121,1398/09/24
1095,2,1398/09/24
781,1600,1398/09/24
1239,4787,1398/09/24
1626,1551,1398/09/24
1809,2372,1398/09/24
1265,8791,1398/09/24
1190,428,1398/09/24
529,5262,1398/09/24
537,1151,1398/09/24
1261,9534,1398/09/24
1321,404,1398/09/24
1742,3523,1398/09/24
615,13730,1398/09/24
606,4871,1398/09/24
1062,5046,1398/09/24
1056,5870,1398/09/24
713,3274,1398/09/24
223,1264,1398/09/24
372,2053,1398/09/24
1858,2416,1398/09/24
373,1685,1398/09/24
620,13931,1398/09/24
992,734,1398/09/24
255,6423,1398/09/24
567,3510,1398/09/24
1027,1626,1398/09/24
198,496,1398/09/24
760,80,1398/09/24
1720,2402,1398/09/24
948,1125,1398/09/24
757,903,1398/09/24
835,1275,1398/09/24
776,2440,1398/09/24
823,1002,1398/09/24
1739,2517,1398/09/24
800,993,1398/09/24
788,442,1398/09/24
787,1355,1398/09/24
82,4000,1398/09/24
68,1995,1398/09/24
1217,4241,1398/09/24
1218,2564,1398/09/24
708,15931,1398/09/24
1228,130,1398/09/24
358,1630,1398/09/24
341,6122,1398/09/24
491,257,1398/09/24
898,3563,1398/09/24
1146,6351,1398/09/24
906,1267,1398/09/24
390,16640,1398/09/24
1710,315,1398/09/24
867,1007,1398/09/24
1152,17800,1398/09/24
423,1663,1398/09/24
961,4811,1398/09/24
941,7562,1398/09/24
1816,293,1398/09/24
1627,331,1398/09/24
1614,151,1398/09/24
2080,4811,1398/09/24
1613,110,1398/09/24
1640,214,1398/09/24
1648,11966,1398/09/24
1696,627,1398/09/24
343,539,1398/09/24
206,724,1398/09/24
208,0,1398/09/24
195,1819,1398/09/24
194,4369,1398/09/24
196,1493,1398/09/24
197,4087,1398/09/24
224,3166,1398/09/24
209,6001,1398/09/24
210,8769,1398/09/24
1098,2257,1398/09/24
200,1315,1398/09/24
201,3693,1398/09/26
202,4921,1398/09/24
213,1610,1398/09/24
214,7011,1398/09/24
908,1595,1398/09/24
365,259,1398/09/24
215,7861,1398/09/24
216,8333,1398/09/24
155,2147,1398/09/24
2089,8433,1398/09/24
217,21645,1398/09/24
312,3147,1398/09/24
254,2793,1398/09/26
219,2644,1398/09/24
882,409,1398/09/24
241,5697,1398/09/24
222,1707,1398/09/24
304,4362,1398/09/24
227,225,1398/09/24
305,4965,1398/09/24
2178,3068,1398/09/24
2265,14726,1398/09/24
486,6571,1398/09/24
428,1603,1398/09/24
838,571,1398/09/24
758,7044,1398/09/24
632,2149,1398/09/24
727,2923,1398/09/24
1682,4331,1398/09/24
405,6909,1398/09/24
438,99,1398/09/24
628,6356,1398/09/24
521,0,1398/09/24
1058,589,1398/09/24
630,417,1398/09/24
444,6851,1398/09/24
585,8457,1398/09/24
570,876,1398/09/24
734,4643,1398/09/24
705,4354,1398/09/24
749,3,1398/09/24
392,30,1398/09/24
54,7632,1398/09/24
665,6520,1398/09/24
726,856,1398/09/24
689,1565,1398/09/24
1457,6032,1398/09/24
1883,6563,1398/09/24
747,1902,1398/09/24
2307,180,1398/09/24
1223,311,1398/09/24
1418,40,1398/09/24
707,3580,1398/09/24
576,1020,1398/09/24
514,4277,1398/09/24
660,1270,1398/09/24
1672,1811,1398/09/24
659,1955,1398/09/24
1045,4804,1398/09/24
410,2409,1398/09/24
1230,5791,1398/09/24
430,3375,1398/09/24
686,764,1398/09/24
1040,6351,1398/09/24
745,7492,1398/09/24
517,55115,1398/09/24
175,17281,1398/09/24
966,8466,1398/09/24
742,5691,1398/09/24
1379,557,1398/09/24
813,2653,1398/09/24
1001,4907,1398/09/24
1320,51,1398/09/24
1634,9446,1398/09/24
811,2967,1398/09/24
404,592,1398/09/24
1600,5361,1398/09/24
817,4907,1398/09/24
1036,1730,1398/09/24
722,1945,1398/09/24
696,1071,1398/09/24
120,4768,1398/09/24
1035,10541,1398/09/24
996,26420,1398/09/24
983,6962,1398/09/24
987,7886,1398/09/24
164,40,1398/09/24
1398,952,1398/09/25
1568,1171,1398/09/25
1400,2348,1398/09/25
1826,5882,1398/09/25
1817,8954,1398/09/25
1658,8841,1398/09/25
1441,2513,1398/09/25
1488,1998,1398/09/25
1473,6436,1398/09/27
1452,1012,1398/09/25
2088,6147,1398/09/25
1694,0,1398/09/25
1572,9166,1398/09/25
1639,11723,1398/09/25
1506,11729,1398/09/25
293,4886,1398/09/25
548,2669,1398/09/25
1575,4197,1398/09/25
1410,6409,1398/09/25
1724,5990,1398/09/25
1513,121,1398/09/25
1637,5312,1398/09/25
1668,8069,1398/09/25
2029,879,1398/09/25
1738,17584,1398/09/25
822,6579,1398/09/25
1707,1887,1398/09/25
1483,4681,1398/09/25
1465,9249,1398/09/25
671,22,1398/09/25
932,5115,1398/09/25
988,4169,1398/09/25
915,2960,1398/09/25
1744,11915,1398/09/25
1017,6150,1398/09/25
673,2712,1398/09/25
613,3184,1398/09/25
883,2012,1398/09/25
895,2467,1398/09/25
283,1864,1398/09/25
1311,2934,1398/09/25
1592,6064,1398/09/25
1189,3027,1398/09/25
1258,657,1398/09/25
1256,3391,1398/09/25
1286,3391,1398/09/25
1220,2497,1398/09/25
853,23831,1398/09/25
656,2264,1398/09/25
873,2494,1398/09/25
1747,5655,1398/09/25
903,2456,1398/09/25
622,2429,1398/09/25
887,1296,1398/09/25
269,8993,1398/09/25
244,4143,1398/09/25
1251,6151,1398/09/25
808,10125,1398/09/25
1145,5585,1398/09/25
1271,6365,1398/09/25
1287,1221,1398/09/25
1085,1398,1398/09/25
824,791,1398/09/25
1157,200,1398/09/25
1141,9681,1398/09/25
501,3599,1398/09/25
809,5819,1398/09/25
1101,3982,1398/09/25
805,520,1398/09/25
1139,2032,1398/09/25
934,752,1398/09/25
3,2383,1398/09/25
762,2933,1398/09/25
1563,2588,1398/09/25
931,1817,1398/09/25
701,764,1398/09/25
704,343,1398/09/25
911,4988,1398/09/25
690,3187,1398/09/25
1054,2660,1398/09/25
958,1663,1398/09/25
967,9296,1398/09/25
1281,5874,1398/09/25
1102,3225,1398/09/25
1206,6869,1398/09/25
1269,1560,1398/09/25
1327,7675,1398/09/25
1357,9268,1398/09/25
1451,666,1398/09/25
1478,8361,1398/09/25
1351,12658,1398/09/25
502,711,1398/09/25
1262,959,1398/09/25
1518,7316,1398/09/25
2272,6381,1398/09/25
2321,2633,1398/09/25
2328,2541,1398/09/25
2061,121,1398/09/25
2260,1281,1398/09/25
2446,411,1398/09/25
2063,14521,1398/09/25
1936,1957,1398/09/26
1937,1481,1398/09/25
1885,3006,1398/09/25
1114,5196,1398/09/25
1365,6221,1398/09/25
1385,26446,1398/09/25
1301,4601,1398/09/25
1305,3563,1398/09/25
1007,16241,1398/09/25
1222,7708,1398/09/25
1274,6128,1398/09/25
1530,4897,1398/09/25
1677,4858,1398/09/25
1676,3956,1398/09/25
1111,2299,1398/09/25
1316,13203,1398/09/25
1000,1044,1398/09/25
1310,2037,1398/09/25
959,1504,1398/09/25
981,4598,1398/09/25
1052,6490,1398/09/25
933,2874,1398/09/25
849,2353,1398/09/25
904,5028,1398/09/25
1891,53,1398/09/25
1941,220,1398/09/25
1930,2794,1398/09/25
1866,38345,1398/09/25
1892,0,1398/09/25
346,1999,1398/09/26
1464,20392,1398/09/26
804,25756,1398/09/26
1350,3919,1398/09/26
741,14648,1398/09/26
1376,3069,1398/09/26
1663,1887,1398/09/26
1935,321,1398/09/26
1603,3239,1398/09/26
1355,527,1398/09/26
1652,3573,1398/09/26
1566,1392,1398/09/26
1427,10919,1398/09/26
354,12801,1398/09/27
1589,4830,1398/09/26
359,3742,1398/09/26
313,6319,1398/09/26
752,1881,1398/09/26
1623,4937,1398/09/26
1674,3909,1398/09/26
395,2074,1398/09/26
1479,7801,1398/09/26
1394,1304,1398/09/26
1616,2079,1398/09/26
1450,2996,1398/09/26
1688,3503,1398/09/26
1424,1085,1398/09/26
1466,2409,1398/09/26
211,1789,1398/09/26
1106,7882,1398/09/26
64,2503,1398/09/26
880,41341,1398/09/26
1125,1795,1398/09/26
232,2032,1398/09/26
123,0,1398/09/26
681,5815,1398/09/26
779,20107,1398/09/26
2671,21,1398/09/26
725,7581,1398/09/26
1503,18671,1398/09/26
144,124,1398/09/26
90,10458,1398/09/26
1447,14424,1398/09/26
458,5203,1398/09/26
27,5026,1398/09/26
384,2338,1398/09/26
434,1761,1398/09/26
412,4200,1398/09/26
482,3341,1398/09/26
505,3151,1398/09/26
503,2457,1398/09/26
483,822,1398/09/26
470,2024,1398/09/26
379,3631,1398/09/26
378,4546,1398/09/26
484,2855,1398/09/26
530,3892,1398/09/26
619,2861,1398/09/26
1378,11839,1398/09/26
588,2769,1398/09/26
445,589,1398/09/26
531,1243,1398/09/26
431,296,1398/09/26
1388,2765,1398/09/26
610,2699,1398/09/26
429,2342,1398/09/26
611,860,1398/09/26
716,12214,1398/09/26
590,408,1398/09/26
424,1940,1398/09/26
907,3294,1398/09/26
449,6736,1398/09/26
422,1106,1398/09/26
86,3840,1398/09/26
579,3700,1398/09/26
420,6234,1398/09/26
23,15258,1398/09/26
1651,1603,1398/09/26
285,571,1398/09/26
87,5252,1398/09/26
481,3920,1398/09/26
2286,1800,1398/09/26
57,7814,1398/09/26
1915,1624,1398/09/26
2539,7686,1398/09/26
1853,5589,1398/09/26
2104,22838,1398/09/26
2074,10071,1398/09/26
1874,0,1398/09/26
1917,1032,1398/09/26
88,32137,1398/09/26
1429,205,1398/09/26
456,11347,1398/09/26
7,20849,1398/09/26
2014,566,1398/09/26
42,6062,1398/09/26
2137,3901,1398/09/26
1851,191,1398/09/26
2018,9155,1398/09/26
2432,5196,1398/09/26
1653,4995,1398/09/26
1920,705,1398/09/26
22,9255,1398/09/26
1919,26331,1398/09/26
441,9383,1398/09/26
188,140,1398/09/26
1909,56,1398/09/26
6,9466,1398/09/26
1908,672,1398/09/26
1448,1185,1398/09/26
44,5927,1398/09/26
75,1485,1398/09/26
1934,5423,1398/09/26
2051,10814,1398/09/26
465,1508,1398/09/26
2110,509,1398/09/26
1383,3374,1398/09/26
2075,2905,1398/09/26
1454,2115,1398/09/26
973,8333,1398/09/26
2151,11340,1398/09/26
268,591,1398/09/26
509,327,1398/09/26
2173,563,1398/09/26
2144,5691,1398/09/26
1232,4381,1398/09/26
1236,38,1398/09/26
756,236,1398/09/26
1031,3446,1398/09/26
1005,21,1398/09/26
1004,579,1398/09/26
1170,325,1398/09/26
912,2865,1398/09/26
242,478,1398/09/26
1051,289,1398/09/26
702,1399,1398/09/26
715,336,1398/09/26
840,95,1398/09/26
520,600,1398/09/26
712,1040,1398/09/26
1723,149,1398/09/26
1794,1473,1398/09/26
1065,1930,1398/09/26
1745,1382,1398/09/26
1381,2131,1398/09/26
774,1256,1398/09/26
1047,4667,1398/09/26
510,4425,1398/09/26
243,1152,1398/09/26
1296,866,1398/09/26
759,8145,1398/09/26
746,17073,1398/09/26
554,2859,1398/09/26
401,1646,1398/09/26
462,22178,1398/09/26
307,3463,1398/09/26
407,5,1398/09/26
714,535,1398/09/26
618,4587,1398/09/26
25,9909,1398/09/26
299,635,1398/09/26
533,6170,1398/09/26
1009,3251,1398/09/26
584,3697,1398/09/26
151,14589,1398/09/26
334,16262,1398/09/26
472,764,1398/09/26
557,1413,1398/09/26
1014,1570,1398/09/26
568,1387,1398/09/26
414,3711,1398/09/26
31,7343,1398/09/26
1692,4222,1398/09/26
629,9947,1398/09/26
260,12158,1398/09/26
1300,6421,1398/09/26
631,4843,1398/09/26
678,754,1398/09/26
2147,9525,1398/09/26
1854,5627,1398/09/26
534,586,1398/09/26
972,1205,1398/09/26
1700,380,1398/09/26
634,2695,1398/09/26
1928,4466,1398/09/26
1743,4086,1398/09/26
1325,2233,1398/09/26
651,2685,1398/09/26
1480,6670,1398/09/26
1787,1511,1398/09/26
710,2199,1398/09/26
1173,3679,1398/09/26
1522,5927,1398/09/26
644,2169,1398/09/26
862,15240,1398/09/26
753,24365,1398/09/26
851,3280,1398/09/26
879,7636,1398/09/26
1750,2208,1398/09/26
1022,32445,1398/09/26
886,1776,1398/09/26
954,10840,1398/09/26
1191,1068,1398/09/26
765,31811,1398/09/26
955,23235,1398/09/26
1512,1,1398/09/26
874,1875,1398/09/26
1985,5750,1398/09/26
1048,34,1398/09/26
1044,3779,1398/09/26
1332,3811,1398/09/26
1293,1948,1398/09/26
974,12017,1398/09/26
687,3802,1398/09/26
968,15739,1398/09/26
1517,1220,1398/09/26
971,2716,1398/09/26
1094,2555,1398/09/26
978,11532,1398/09/26
1144,2632,1398/09/26
1072,3774,1398/09/26
1055,2019,1398/09/26
5760,1117,1398/09/26
1016,2370,1398/09/26
1964,1535,1398/09/26
1026,3179,1398/09/26
1984,1810,1398/09/26
893,2418,1398/09/26
1312,4486,1398/09/26
837,6799,1398/09/26
55,19035,1398/09/26
1947,8494,1398/09/26
1951,4056,1398/09/26
1681,9023,1398/09/26
1337,10915,1398/09/26
20,5062,1398/09/26
228,3427,1398/09/26
19,13506,1398/09/26
238,2970,1398/09/26
229,5199,1398/09/26
81,1758,1398/09/26
39,187,1398/09/26
439,13228,1398/09/26
393,20858,1398/09/26
1227,4922,1398/09/26
301,2032,1398/09/26
65,7081,1398/09/26
230,1330,1398/09/26
221,2087,1398/09/26
435,24023,1398/09/26
273,6554,1398/09/26
38,8181,1398/09/26
61,9080,1398/09/26
5,3943,1398/09/26
252,1168,1398/09/26
167,31842,1398/09/26
231,6045,1398/09/26
148,25281,1398/09/26
402,2741,1398/09/26
1412,1194,1398/09/26
284,6804,1398/09/26
563,8596,1398/09/26
351,4843,1398/09/26
1949,3631,1398/09/26
18,14078,1398/09/26
1868,18353,1398/09/26
889,677,1398/09/26
1595,10208,1398/09/26
92,9547,1398/09/26
564,11967,1398/09/26
468,1267,1398/09/26
178,598,1398/09/26
744,3707,1398/09/26
881,539,1398/09/26
515,2842,1398/09/26
1344,2010,1398/09/26
1523,8923,1398/09/26
32,2026,1398/09/26
316,10680,1398/09/26
63,13919,1398/09/26
878,6960,1398/09/26
249,986,1398/09/26
1469,11923,1398/09/26
97,7507,1398/09/26
459,8900,1398/09/26
108,7738,1398/09/26
1966,350,1398/09/26
169,4960,1398/09/26
173,2023,1398/09/26
550,8932,1398/09/26
504,17434,1398/09/26
140,23356,1398/09/26
145,522,1398/09/26
896,1175,1398/09/26
1504,8716,1398/09/26
843,5698,1398/09/26
174,10865,1398/09/26
1345,4538,1398/09/26
344,325,1398/09/26
204,612,1398/09/26
311,41042,1398/09/26
476,5827,1398/09/26
493,1566,1398/09/26
572,18533,1398/09/26
596,15661,1398/09/26
528,25886,1398/09/26
33,1204,1398/09/26
2191,2521,1398/09/26
2013,8900,1398/09/26
566,2402,1398/09/26
1374,13824,1398/09/26
367,3087,1398/09/26
729,8648,1398/09/26
2291,11697,1398/09/26
1416,16731,1398/09/26
676,1290,1398/09/26
1939,5006,1398/09/26
751,7310,1398/09/26
360,1241,1398/09/26
21,16279,1398/09/26
647,131,1398/09/26
34,1494,1398/09/26
891,16001,1398/09/26
35,6980,1398/09/26
913,827,1398/09/26
1266,4442,1398/09/26
1496,14923,1398/09/26
1591,3225,1398/09/26
95,8962,1398/09/26
2066,4789,1398/09/26
29,9492,1398/09/26
125,5967,1398/09/26
84,7535,1398/09/26
56,57814,1398/09/26
187,6833,1398/09/26
152,8781,1398/09/26
1492,21351,1398/09/26
267,3776,1398/09/26
1453,8708,1398/09/26
142,22857,1398/09/26
122,5527,1398/09/26
257,446,1398/09/26
1499,16963,1398/09/26
1437,2003,1398/09/26
1438,12040,1398/09/26
321,16470,1398/09/26
1596,4195,1398/09/26
1436,21012,1398/09/26
1308,25559,1398/09/26
860,4821,1398/09/26
1463,7167,1398/09/26
286,827,1398/09/26
1390,45690,1398/09/26
1501,20683,1398/09/26
541,3984,1398/09/26
1415,7986,1398/09/26
463,844,1398/09/26
436,20387,1398/09/26
497,19311,1398/09/26
452,2497,1398/09/26
1428,6301,1398/09/26
513,1258,1398/09/26
336,10130,1398/09/26
1380,5247,1398/09/26
1489,10201,1398/09/26
1370,29275,1398/09/26
1245,12023,1398/09/26
2203,3297,1398/09/26
93,8285,1398/09/26
487,34946,1398/09/26
488,8729,1398/09/26
783,2082,1398/09/26
376,19282,1398/09/26
129,9701,1398/09/26
279,8117,1398/09/26
763,11191,1398/09/26
1952,8036,1398/09/26
292,7604,1398/09/26
294,0,1398/09/26
37,6368,1398/09/26
150,7773,1398/09/26
71,12667,1398/09/26
1315,3339,1398/09/26
454,1720,1398/09/26
415,11573,1398/09/26
156,4100,1398/09/26
508,1475,1398/09/26
1409,20660,1398/09/26
1896,4092,1398/09/27
1848,11096,1398/09/27
1889,3853,1398/09/27
2084,2611,1398/09/27
2108,636,1398/09/27
2268,3067,1398/09/27
2119,969,1398/09/27
1906,9085,1398/09/27
2611,3429,1398/09/27
1864,402,1398/09/27
1888,3583,1398/09/27
1887,833,1398/09/27
1893,0,1398/09/27
1898,0,1398/09/27
2596,3815,1398/09/27
2642,1865,1398/09/27
1862,3662,1398/09/27
2553,1720,1398/09/27
1890,1259,1398/09/27
2202,861,1398/09/27
2010,24239,1398/09/27
2227,2749,1398/09/27
2329,2626,1398/09/27
2827,194,1398/09/27
2153,6169,1398/09/27
2365,3194,1398/09/27
2467,2037,1398/09/27
1839,5231,1398/09/27
2393,836,1398/09/27
2069,13717,1398/09/27
2000,13704,1398/09/27
2028,20545,1398/09/27
2006,2431,1398/09/27
2027,2594,1398/09/27
2196,3758,1398/09/27
2150,5940,1398/09/27
2052,4485,1398/09/27
2593,628,1398/09/27
2152,10777,1398/09/27
2279,20430,1398/09/27
2090,3966,1398/09/27
2256,7370,1398/09/27
2419,2013,1398/09/27
2215,1494,1398/09/27
2228,2467,1398/09/27
2373,1142,1398/09/27
2374,4543,1398/09/27
2387,9095,1398/09/27
2111,104,1398/09/27
2050,14775,1398/09/27
2025,2445,1398/09/27
2223,358,1398/09/27
2073,326,1398/09/27
2097,423,1398/09/27
1647,4795,1398/09/27
1706,0,1398/09/27
1698,83570,1398/09/27
1679,10351,1398/09/27
1727,372,1398/09/27
1695,8742,1398/09/27
9,110,1398/09/27
1571,41804,1398/09/27
1628,28227,1398/09/27
2625,686,1398/09/27
1702,22760,1398/09/27
1830,19708,1398/09/27
1462,20470,1398/09/27
